"FullName","Length","Extension","LastWriteTime"
"C:\Users\IA_Journal_Hub\whatsapp-bot\.env.example","1780",".example","7/14/2026 12:53:29 PM"
"C:\Users\IA_Journal_Hub\whatsapp-bot\.gitignore","51",".gitignore","2/15/2026 3:09:34 PM"
"C:\Users\IA_Journal_Hub\whatsapp-bot\.tmp_head_server.js","114152",".js","2/9/2026 1:18:41 PM"
"C:\Users\IA_Journal_Hub\whatsapp-bot\00_READ_THIS_FIRST.txt","13723",".txt","2/6/2026 12:58:09 AM"
"C:\Users\IA_Journal_Hub\whatsapp-bot\00_START_HERE.txt","23258",".txt","2/6/2026 12:45:01 AM"
"C:\Users\IA_Journal_Hub\whatsapp-bot\7DAY_REVENUE_PLAN.md","15238",".md","4/18/2026 5:09:50 PM"
"C:\Users\IA_Journal_Hub\whatsapp-bot\ABOSS_3_TO_7_HOUR_CAPTURE_PLAYBOOK.md","2135",".md","7/3/2026 9:29:00 AM"
"C:\Users\IA_Journal_Hub\whatsapp-bot\ABOSS_BATCH2_MESSAGES_READY.csv","10583",".csv","7/6/2026 3:02:58 PM"
"C:\Users\IA_Journal_Hub\whatsapp-bot\ABOSS_BATCH2_MESSAGES_READY.md","10645",".md","7/6/2026 2:09:25 PM"
"C:\Users\IA_Journal_Hub\whatsapp-bot\ABOSS_BATCH2_NEXT_ACTIONS.csv","3608",".csv","7/6/2026 3:02:58 PM"
"C:\Users\IA_Journal_Hub\whatsapp-bot\ABOSS_BATCH2_TOMORROW.csv","5367",".csv","7/6/2026 3:02:58 PM"
"C:\Users\IA_Journal_Hub\whatsapp-bot\ABOSS_BATCH2_TOMORROW_REFRESHED.csv","5002",".csv","7/6/2026 2:04:43 PM"
"C:\Users\IA_Journal_Hub\whatsapp-bot\ABOSS_CONTACTS_DASHBOARD.html","21878",".html","7/3/2026 11:09:02 AM"
"C:\Users\IA_Journal_Hub\whatsapp-bot\ABOSS_CONTACT_CAPTURE_EDITABLE.xlsx","58294",".xlsx","7/3/2026 11:49:36 AM"
"C:\Users\IA_Journal_Hub\whatsapp-bot\ABOSS_CONTACT_CAPTURE_TEMPLATE.csv","14252",".csv","7/3/2026 10:07:45 AM"
"C:\Users\IA_Journal_Hub\whatsapp-bot\ABOSS_CONTACT_CAPTURE_TEMPLATE.updated.csv","14239",".csv","7/3/2026 11:49:52 AM"
"C:\Users\IA_Journal_Hub\whatsapp-bot\ABOSS_DEEP_RESEARCH_MIXED.csv","14250",".csv","7/6/2026 1:03:25 PM"
"C:\Users\IA_Journal_Hub\whatsapp-bot\ABOSS_DEEP_RESEARCH_SUMMARY.json","324",".json","7/6/2026 1:03:25 PM"
"C:\Users\IA_Journal_Hub\whatsapp-bot\ABOSS_DEEP_RESEARCH_TOP12_BALANCED.csv","7379",".csv","7/6/2026 1:03:25 PM"
"C:\Users\IA_Journal_Hub\whatsapp-bot\ABOSS_FAILED_CONTACTS.csv","728",".csv","7/6/2026 12:55:43 PM"
"C:\Users\IA_Journal_Hub\whatsapp-bot\ABOSS_FAST_PIPELINE_SUMMARY.json","242",".json","7/6/2026 11:46:10 AM"
"C:\Users\IA_Journal_Hub\whatsapp-bot\ABOSS_FOLLOWUP_24H_BATCH1.csv","4018",".csv","7/6/2026 1:53:05 PM"
"C:\Users\IA_Journal_Hub\whatsapp-bot\ABOSS_HIDDEN_CHAMPIONS_STRIKE.csv","2987",".csv","7/6/2026 2:04:43 PM"
"C:\Users\IA_Journal_Hub\whatsapp-bot\ABOSS_MIXED_RESEARCH_BLOCKERS.csv","822",".csv","7/6/2026 1:10:06 PM"
"C:\Users\IA_Journal_Hub\whatsapp-bot\ABOSS_MIXED_SEND_NOW.csv","3516",".csv","7/6/2026 1:04:32 PM"
"C:\Users\IA_Journal_Hub\whatsapp-bot\ABOSS_MIXED_SEND_NOW_REFRESHED.csv","6250",".csv","7/6/2026 1:45:47 PM"
"C:\Users\IA_Journal_Hub\whatsapp-bot\ABOSS_MIXED_VERIFY_FIRST.csv","2730",".csv","7/6/2026 1:04:32 PM"
"C:\Users\IA_Journal_Hub\whatsapp-bot\ABOSS_MIXED_VERIFY_FIRST_ENRICHED.csv","3138",".csv","7/6/2026 1:10:06 PM"
"C:\Users\IA_Journal_Hub\whatsapp-bot\ABOSS_POST_DEPLOY_VALIDATION.md","1101",".md","7/3/2026 9:35:29 AM"
"C:\Users\IA_Journal_Hub\whatsapp-bot\ABOSS_RAPID_CONTACT_RESEARCH.md","1755",".md","7/3/2026 9:26:16 AM"
"C:\Users\IA_Journal_Hub\whatsapp-bot\ABOSS_READY_TO_CONTACT.csv","7275",".csv","7/6/2026 11:46:10 AM"
"C:\Users\IA_Journal_Hub\whatsapp-bot\ABOSS_RESEARCH_QUEUE.csv","15106",".csv","7/6/2026 11:46:10 AM"
"C:\Users\IA_Journal_Hub\whatsapp-bot\ABOSS_SECTOR_OUTREACH_SCRIPTS.md","2636",".md","7/3/2026 9:35:00 AM"
"C:\Users\IA_Journal_Hub\whatsapp-bot\ABOSS_SEND_QUEUE.csv","4430",".csv","7/6/2026 11:46:46 AM"
"C:\Users\IA_Journal_Hub\whatsapp-bot\ABOSS_TOP10_TODAY.csv","4610",".csv","7/6/2026 12:13:10 PM"
"C:\Users\IA_Journal_Hub\whatsapp-bot\AGENTS.md","1541",".md","7/15/2026 12:30:19 AM"
"C:\Users\IA_Journal_Hub\whatsapp-bot\agent_db_update.js","1538",".js","3/4/2026 1:26:07 PM"
"C:\Users\IA_Journal_Hub\whatsapp-bot\agent_tenant_updates.sql","1430",".sql","3/4/2026 1:23:39 PM"
"C:\Users\IA_Journal_Hub\whatsapp-bot\alphadome_knowledge_base.json","2682",".json","5/21/2026 3:39:00 PM"
"C:\Users\IA_Journal_Hub\whatsapp-bot\alphadome_knowledge_base_classified.json","1956",".json","5/21/2026 3:39:00 PM"
"C:\Users\IA_Journal_Hub\whatsapp-bot\alphadome_knowledge_base_full.json","60226",".json","5/22/2026 6:04:09 PM"
"C:\Users\IA_Journal_Hub\whatsapp-bot\API_DOCUMENTATION.md","14864",".md","4/14/2026 9:28:28 PM"
"C:\Users\IA_Journal_Hub\whatsapp-bot\baseline_live_metrics.js","550",".js","4/18/2026 7:40:14 PM"
"C:\Users\IA_Journal_Hub\whatsapp-bot\check_campaign_status.js","3246",".js","4/18/2026 7:40:14 PM"
"C:\Users\IA_Journal_Hub\whatsapp-bot\check_live_status.cjs","4124",".cjs","4/18/2026 7:40:14 PM"
"C:\Users\IA_Journal_Hub\whatsapp-bot\check_live_status.py","2820",".py","4/18/2026 7:40:14 PM"
"C:\Users\IA_Journal_Hub\whatsapp-bot\check_migration.js","1962",".js","2/6/2026 1:55:10 AM"
"C:\Users\IA_Journal_Hub\whatsapp-bot\check_revenue_readiness.js","10737",".js","4/18/2026 5:09:50 PM"
"C:\Users\IA_Journal_Hub\whatsapp-bot\copy_logo.cjs","290",".cjs","2/18/2026 6:45:05 AM"
"C:\Users\IA_Journal_Hub\whatsapp-bot\copy_logo.js","353",".js","2/18/2026 6:45:05 AM"
"C:\Users\IA_Journal_Hub\whatsapp-bot\CREDENTIAL_REQUEST_FOR_GIDEON.md","2114",".md","2/6/2026 1:55:02 AM"
"C:\Users\IA_Journal_Hub\whatsapp-bot\DAILY_CHECKLIST.md","10046",".md","4/18/2026 5:09:50 PM"
"C:\Users\IA_Journal_Hub\whatsapp-bot\DAY1_FINAL_APPROVAL.md","5977",".md","4/18/2026 7:40:14 PM"
"C:\Users\IA_Journal_Hub\whatsapp-bot\DB_ALIGNMENT_REPORT.md","10598",".md","2/6/2026 12:13:53 AM"
"C:\Users\IA_Journal_Hub\whatsapp-bot\db_context_functions.js","3198",".js","2/13/2026 1:03:25 PM"
"C:\Users\IA_Journal_Hub\whatsapp-bot\DEPLOYMENT_CARD.txt","19855",".txt","2/6/2026 12:58:03 AM"
"C:\Users\IA_Journal_Hub\whatsapp-bot\DEPLOYMENT_PLAN.md","12976",".md","2/6/2026 12:13:05 AM"
"C:\Users\IA_Journal_Hub\whatsapp-bot\DOCUMENTATION_INDEX.md","9613",".md","2/6/2026 12:44:57 AM"
"C:\Users\IA_Journal_Hub\whatsapp-bot\EXECUTIVE_SUMMARY.md","7428",".md","2/6/2026 12:34:25 AM"
"C:\Users\IA_Journal_Hub\whatsapp-bot\FALLBACK_IMPLEMENTATION_SUMMARY.md","5054",".md","4/18/2026 5:09:51 PM"
"C:\Users\IA_Journal_Hub\whatsapp-bot\FALLBACK_PAYMENT_OPTIONS.md","10336",".md","4/18/2026 5:09:50 PM"
"C:\Users\IA_Journal_Hub\whatsapp-bot\FALLBACK_TESTING_GUIDE.md","7750",".md","4/18/2026 5:09:50 PM"
"C:\Users\IA_Journal_Hub\whatsapp-bot\FIRST_TRANSACTION_TEST.md","10595",".md","4/18/2026 7:40:14 PM"
"C:\Users\IA_Journal_Hub\whatsapp-bot\generate_migration_2.js","10548",".js","4/14/2026 9:28:28 PM"
"C:\Users\IA_Journal_Hub\whatsapp-bot\generate_product_training.js","15848",".js","4/14/2026 9:28:28 PM"
"C:\Users\IA_Journal_Hub\whatsapp-bot\IMMEDIATE_ACTION_PLAN.txt","9032",".txt","2/6/2026 12:58:03 AM"
"C:\Users\IA_Journal_Hub\whatsapp-bot\IMPLEMENTATION_STATUS.md","5774",".md","2/6/2026 1:39:42 AM"
"C:\Users\IA_Journal_Hub\whatsapp-bot\index.html","15459",".html","4/30/2026 5:45:46 PM"
"C:\Users\IA_Journal_Hub\whatsapp-bot\inspect_tenant_whatsapp_ids.js","571",".js","4/18/2026 7:40:14 PM"
"C:\Users\IA_Journal_Hub\whatsapp-bot\inspect_wave1_message.js","1611",".js","4/20/2026 7:12:33 AM"
"C:\Users\IA_Journal_Hub\whatsapp-bot\META_CREDENTIALS_CHECKLIST.md","14640",".md","2/6/2026 12:52:10 AM"
"C:\Users\IA_Journal_Hub\whatsapp-bot\MULTI_TENANT_README.md","9279",".md","2/6/2026 12:34:22 AM"
"C:\Users\IA_Journal_Hub\whatsapp-bot\ngrok.exe","26032416",".exe","9/23/2025 4:04:44 PM"
"C:\Users\IA_Journal_Hub\whatsapp-bot\ngrok.zip","9632788",".zip","10/16/2025 7:11:03 AM"
"C:\Users\IA_Journal_Hub\whatsapp-bot\nodemon.json","156",".json","10/24/2025 5:28:15 PM"
"C:\Users\IA_Journal_Hub\whatsapp-bot\package-lock.json","90778",".json","7/1/2026 12:40:00 PM"
"C:\Users\IA_Journal_Hub\whatsapp-bot\package.json","3121",".json","7/16/2026 10:47:14 PM"
"C:\Users\IA_Journal_Hub\whatsapp-bot\postcss.config.js","89",".js","2/18/2026 6:45:05 AM"
"C:\Users\IA_Journal_Hub\whatsapp-bot\prepare_leads_from_inbound.js","8434",".js","4/18/2026 7:40:14 PM"
"C:\Users\IA_Journal_Hub\whatsapp-bot\README.md","1314",".md","2/7/2026 7:01:34 PM"
"C:\Users\IA_Journal_Hub\whatsapp-bot\README_KASSANGAS_PHASE1.md","6236",".md","7/9/2026 3:39:36 PM"
"C:\Users\IA_Journal_Hub\whatsapp-bot\request.log","13621",".log","4/22/2026 11:25:15 AM"
"C:\Users\IA_Journal_Hub\whatsapp-bot\revenue_dashboard.js","6659",".js","4/18/2026 5:09:50 PM"
"C:\Users\IA_Journal_Hub\whatsapp-bot\REVENUE_PROGRESS.md","2619",".md","4/18/2026 5:09:50 PM"
"C:\Users\IA_Journal_Hub\whatsapp-bot\run_live_broadcast.js","5393",".js","4/18/2026 7:40:14 PM"
"C:\Users\IA_Journal_Hub\whatsapp-bot\SALES_API_SETUP.md","11611",".md","7/14/2026 12:54:22 PM"
"C:\Users\IA_Journal_Hub\whatsapp-bot\SALES_IMPLEMENTATION_COMPLETE.md","11958",".md","7/14/2026 12:56:04 PM"
"C:\Users\IA_Journal_Hub\whatsapp-bot\sendTemplate.js","4717",".js","4/20/2026 7:13:09 AM"
"C:\Users\IA_Journal_Hub\whatsapp-bot\server.js","467964",".js","7/15/2026 12:24:43 AM"
"C:\Users\IA_Journal_Hub\whatsapp-bot\server.js.bak","2909",".bak","10/15/2025 5:25:52 PM"
"C:\Users\IA_Journal_Hub\whatsapp-bot\server.js.bak_local","57075",".bak_local","2/13/2026 1:25:41 PM"
"C:\Users\IA_Journal_Hub\whatsapp-bot\server_marautat_base.js","67995",".js","2/13/2026 1:03:31 PM"
"C:\Users\IA_Journal_Hub\whatsapp-bot\server_old.js","9692",".js","10/24/2025 6:28:35 PM"
"C:\Users\IA_Journal_Hub\whatsapp-bot\server_with_context.js","59052",".js","6/9/2026 3:01:05 PM"
"C:\Users\IA_Journal_Hub\whatsapp-bot\SETUP_GUIDE.md","8999",".md","4/14/2026 9:28:28 PM"
"C:\Users\IA_Journal_Hub\whatsapp-bot\smoke_catalog_media.cjs","3286",".cjs","4/16/2026 6:38:18 PM"
"C:\Users\IA_Journal_Hub\whatsapp-bot\SQL_MIGRATION_KASSANGAS_PHASE1.sql","2965",".sql","7/13/2026 9:50:49 AM"
"C:\Users\IA_Journal_Hub\whatsapp-bot\tailwind.config.js","218",".js","2/18/2026 6:45:05 AM"
"C:\Users\IA_Journal_Hub\whatsapp-bot\TENANT_MIDDLEWARE_CODE.js","14480",".js","2/6/2026 12:58:05 AM"
"C:\Users\IA_Journal_Hub\whatsapp-bot\tenant_onboarding.html","2635",".html","4/22/2026 12:21:55 PM"
"C:\Users\IA_Journal_Hub\whatsapp-bot\test_digital_sales.js","7246",".js","7/14/2026 12:55:13 PM"
"C:\Users\IA_Journal_Hub\whatsapp-bot\test_integration.js","15421",".js","4/14/2026 9:28:28 PM"
"C:\Users\IA_Journal_Hub\whatsapp-bot\test_integration_sql.js","13088",".js","4/14/2026 9:28:28 PM"
"C:\Users\IA_Journal_Hub\whatsapp-bot\test_tenant_session_flow.js","7271",".js","4/16/2026 5:41:47 AM"
"C:\Users\IA_Journal_Hub\whatsapp-bot\test_tenant_setup.js","7686",".js","2/6/2026 12:58:07 AM"
"C:\Users\IA_Journal_Hub\whatsapp-bot\test_webhook.js","9223",".js","4/14/2026 9:28:28 PM"
"C:\Users\IA_Journal_Hub\whatsapp-bot\trigger_live_campaign.js","784",".js","4/20/2026 7:13:12 AM"
"C:\Users\IA_Journal_Hub\whatsapp-bot\trigger_new_client_campaign.js","848",".js","4/20/2026 7:12:57 AM"
"C:\Users\IA_Journal_Hub\whatsapp-bot\verify_db.js","2089",".js","2/6/2026 1:55:13 AM"
"C:\Users\IA_Journal_Hub\whatsapp-bot\VISUAL_DIAGRAMS.md","25599",".md","2/6/2026 12:44:56 AM"
"C:\Users\IA_Journal_Hub\whatsapp-bot\WAITING_PERIOD_SUMMARY.md","10265",".md","2/6/2026 2:08:10 AM"
"C:\Users\IA_Journal_Hub\whatsapp-bot\wait_and_trigger_campaign.js","2519",".js","4/20/2026 7:13:14 AM"
"C:\Users\IA_Journal_Hub\whatsapp-bot\watch_live_progress.js","2679",".js","4/18/2026 7:40:14 PM"
"C:\Users\IA_Journal_Hub\whatsapp-bot\webhook_simulator.js","9880",".js","4/14/2026 9:28:28 PM"
"C:\Users\IA_Journal_Hub\whatsapp-bot\WEEK1_IMPLEMENTATION_GUIDE.md","16864",".md","2/6/2026 12:58:08 AM"
"C:\Users\IA_Journal_Hub\whatsapp-bot\Writer's_Flow_3_0.ipynb","26073603",".ipynb","2/17/2026 8:58:15 AM"
"C:\Users\IA_Journal_Hub\whatsapp-bot\.github\agents\backend-engineer.agent.md","1016",".md","7/15/2026 12:30:19 AM"
"C:\Users\IA_Journal_Hub\whatsapp-bot\.github\agents\forge-director.agent.md","1272",".md","7/15/2026 12:30:19 AM"
"C:\Users\IA_Journal_Hub\whatsapp-bot\.github\agents\frontend-engineer.agent.md","998",".md","7/15/2026 12:30:20 AM"
"C:\Users\IA_Journal_Hub\whatsapp-bot\.github\agents\integration-engineer.agent.md","956",".md","7/15/2026 12:30:20 AM"
"C:\Users\IA_Journal_Hub\whatsapp-bot\.github\agents\qa-security-reviewer.agent.md","867",".md","7/15/2026 12:30:20 AM"
"C:\Users\IA_Journal_Hub\whatsapp-bot\.github\agents\repository-archaeologist.agent.md","1098",".md","7/15/2026 12:30:19 AM"
"C:\Users\IA_Journal_Hub\whatsapp-bot\.vscode\extensions.json","50",".json","10/24/2025 8:40:49 AM"
"C:\Users\IA_Journal_Hub\whatsapp-bot\.vscode\settings.json","166",".json","10/24/2025 5:30:58 PM"
"C:\Users\IA_Journal_Hub\whatsapp-bot\admin\campaign_tracker.html","11270",".html","4/20/2026 7:13:20 AM"
"C:\Users\IA_Journal_Hub\whatsapp-bot\admin\catalog.html","5786",".html","4/20/2026 6:17:29 PM"
"C:\Users\IA_Journal_Hub\whatsapp-bot\admin\catalog_template.csv","935",".csv","2/7/2026 5:01:24 PM"
"C:\Users\IA_Journal_Hub\whatsapp-bot\admin\catalog_webhook.js","1199",".js","2/13/2026 12:50:12 PM"
"C:\Users\IA_Journal_Hub\whatsapp-bot\admin\check_uploads.js","1834",".js","2/7/2026 6:58:14 PM"
"C:\Users\IA_Journal_Hub\whatsapp-bot\admin\dashboard-spa.js","4520",".js","2/18/2026 4:40:48 AM"
"C:\Users\IA_Journal_Hub\whatsapp-bot\admin\dashboard.html","222455",".html","7/1/2026 2:43:43 PM"
"C:\Users\IA_Journal_Hub\whatsapp-bot\admin\dashboard.js","2684",".js","2/13/2026 12:50:03 PM"
"C:\Users\IA_Journal_Hub\whatsapp-bot\admin\seed_coachdawn3.js","4523",".js","3/8/2026 6:27:43 AM"
"C:\Users\IA_Journal_Hub\whatsapp-bot\admin\seed_products.js","5844",".js","2/7/2026 4:23:54 PM"
"C:\Users\IA_Journal_Hub\whatsapp-bot\admin\simple_upload.html","6007",".html","4/20/2026 6:17:29 PM"
"C:\Users\IA_Journal_Hub\whatsapp-bot\admin\simple_upload_test.js","1492",".js","2/7/2026 7:01:37 PM"
"C:\Users\IA_Journal_Hub\whatsapp-bot\admin\smtpConfigHandler.js","945",".js","2/18/2026 4:40:48 AM"
"C:\Users\IA_Journal_Hub\whatsapp-bot\admin\tenant_dashboard.html","165700",".html","7/1/2026 1:23:26 PM"
"C:\Users\IA_Journal_Hub\whatsapp-bot\admin\tenant_onboarding.html","2673",".html","4/22/2026 12:06:53 PM"
"C:\Users\IA_Journal_Hub\whatsapp-bot\admin\tenant_onboarding.sql","5577",".sql","2/28/2026 7:18:24 PM"
"C:\Users\IA_Journal_Hub\whatsapp-bot\admin\upload_csv_test.js","1151",".js","2/7/2026 7:01:35 PM"
"C:\Users\IA_Journal_Hub\whatsapp-bot\admin\upload_product_images.js","5088",".js","2/7/2026 1:33:00 PM"
"C:\Users\IA_Journal_Hub\whatsapp-bot\admin\upload_test.js","1449",".js","2/7/2026 7:01:33 PM"
"C:\Users\IA_Journal_Hub\whatsapp-bot\alphadome-kernel\.env.local","302",".local","7/16/2026 9:58:03 AM"
"C:\Users\IA_Journal_Hub\whatsapp-bot\alphadome-kernel\.env.local.example","344",".example","7/16/2026 9:37:15 AM"
"C:\Users\IA_Journal_Hub\whatsapp-bot\alphadome-kernel\.gitignore","246",".gitignore","7/16/2026 9:38:36 AM"
"C:\Users\IA_Journal_Hub\whatsapp-bot\alphadome-kernel\package-lock.json","39789",".json","7/15/2026 12:12:40 PM"
"C:\Users\IA_Journal_Hub\whatsapp-bot\alphadome-kernel\package.json","1091",".json","7/16/2026 10:47:14 PM"
"C:\Users\IA_Journal_Hub\whatsapp-bot\alphadome-kernel\tsconfig.json","380",".json","7/15/2026 9:56:26 AM"
"C:\Users\IA_Journal_Hub\whatsapp-bot\alphadome-kernel\docs\SCHEMA_REQUIREMENTS.md","1990",".md","7/15/2026 12:03:46 PM"
"C:\Users\IA_Journal_Hub\whatsapp-bot\alphadome-kernel\scripts\copy-static.mjs","541",".mjs","7/15/2026 7:27:56 PM"
"C:\Users\IA_Journal_Hub\whatsapp-bot\alphadome-kernel\scripts\proof-isolation-live-auto.mjs","3522",".mjs","7/16/2026 10:58:47 PM"
"C:\Users\IA_Journal_Hub\whatsapp-bot\alphadome-kernel\scripts\proof-isolation-live.mjs","2483",".mjs","7/16/2026 10:43:36 PM"
"C:\Users\IA_Journal_Hub\whatsapp-bot\alphadome-kernel\scripts\run-isolation-proof.mjs","5233",".mjs","7/16/2026 10:58:33 PM"
"C:\Users\IA_Journal_Hub\whatsapp-bot\alphadome-kernel\src\index.ts","607",".ts","7/15/2026 1:47:21 PM"
"C:\Users\IA_Journal_Hub\whatsapp-bot\alphadome-kernel\src\server.ts","1631",".ts","7/15/2026 7:27:42 PM"
"C:\Users\IA_Journal_Hub\whatsapp-bot\alphadome-kernel\src\adapters\supabase.ts","745",".ts","7/15/2026 9:56:56 AM"
"C:\Users\IA_Journal_Hub\whatsapp-bot\alphadome-kernel\src\adapters\whatsapp.ts","2908",".ts","7/15/2026 12:02:29 PM"
"C:\Users\IA_Journal_Hub\whatsapp-bot\alphadome-kernel\src\ai\generationEngine.ts","5711",".ts","7/15/2026 1:43:06 PM"
"C:\Users\IA_Journal_Hub\whatsapp-bot\alphadome-kernel\src\ai\promptEngine.ts","3528",".ts","7/15/2026 1:42:33 PM"
"C:\Users\IA_Journal_Hub\whatsapp-bot\alphadome-kernel\src\api\router.ts","15605",".ts","7/15/2026 8:22:20 PM"
"C:\Users\IA_Journal_Hub\whatsapp-bot\alphadome-kernel\src\api\static\admin.html","9464",".html","7/15/2026 1:55:55 PM"
"C:\Users\IA_Journal_Hub\whatsapp-bot\alphadome-kernel\src\api\static\demo.html","14253",".html","7/15/2026 8:22:48 PM"
"C:\Users\IA_Journal_Hub\whatsapp-bot\alphadome-kernel\src\billing\credits.ts","5270",".ts","7/15/2026 9:57:46 AM"
"C:\Users\IA_Journal_Hub\whatsapp-bot\alphadome-kernel\src\billing\payments.ts","6523",".ts","7/15/2026 1:46:57 PM"
"C:\Users\IA_Journal_Hub\whatsapp-bot\alphadome-kernel\src\billing\quota.ts","1310",".ts","7/15/2026 9:57:46 AM"
"C:\Users\IA_Journal_Hub\whatsapp-bot\alphadome-kernel\src\billing\tiers.ts","1382",".ts","7/15/2026 9:56:56 AM"
"C:\Users\IA_Journal_Hub\whatsapp-bot\alphadome-kernel\src\core\conversation.ts","11616",".ts","7/15/2026 12:45:58 PM"
"C:\Users\IA_Journal_Hub\whatsapp-bot\alphadome-kernel\src\core\followup.ts","4240",".ts","7/15/2026 1:47:17 PM"
"C:\Users\IA_Journal_Hub\whatsapp-bot\alphadome-kernel\src\core\tenant.ts","5804",".ts","7/15/2026 12:02:18 PM"
"C:\Users\IA_Journal_Hub\whatsapp-bot\alphadome-kernel\src\review\assignment.ts","5461",".ts","7/15/2026 1:23:26 PM"
"C:\Users\IA_Journal_Hub\whatsapp-bot\alphadome-kernel\src\review\intake.ts","5757",".ts","7/15/2026 1:22:48 PM"
"C:\Users\IA_Journal_Hub\whatsapp-bot\alphadome-kernel\src\types\index.ts","950",".ts","7/15/2026 9:56:56 AM"
"C:\Users\IA_Journal_Hub\whatsapp-bot\data\aboss_social_intent_taxonomy.json","9603",".json","7/6/2026 3:31:58 PM"
"C:\Users\IA_Journal_Hub\whatsapp-bot\data\ABOSS_SOCIAL_SIGNALS_RAW.csv","138",".csv","7/6/2026 3:49:50 PM"
"C:\Users\IA_Journal_Hub\whatsapp-bot\docs\forge\ALPHADOME_FORGE.md","4193",".md","7/15/2026 12:30:20 AM"
"C:\Users\IA_Journal_Hub\whatsapp-bot\docs\forge\ALPHADOME_KERNEL_MERGE_PLAN.md","18247",".md","7/16/2026 10:53:57 PM"
"C:\Users\IA_Journal_Hub\whatsapp-bot\docs\forge\ALPHADOME_SYSTEM_AUDIT.md","17644",".md","7/15/2026 1:09:38 AM"
"C:\Users\IA_Journal_Hub\whatsapp-bot\docs\forge\PROOF_RESULTS.md","4111",".md","7/16/2026 11:56:09 AM"
"C:\Users\IA_Journal_Hub\whatsapp-bot\leads\all_inbound_non_kassangas.csv","5412",".csv","4/18/2026 7:00:11 PM"
"C:\Users\IA_Journal_Hub\whatsapp-bot\leads\all_inbound_non_kassangas.txt","792",".txt","4/18/2026 7:00:11 PM"
"C:\Users\IA_Journal_Hub\whatsapp-bot\leads\priority_inbound_non_kassangas.csv","766",".csv","4/18/2026 7:00:12 PM"
"C:\Users\IA_Journal_Hub\whatsapp-bot\leads\priority_inbound_non_kassangas.txt","104",".txt","4/18/2026 7:00:12 PM"
"C:\Users\IA_Journal_Hub\whatsapp-bot\logs\aboss_batch2_execution_log_2026-07-06.csv","1559",".csv","7/6/2026 3:02:58 PM"
"C:\Users\IA_Journal_Hub\whatsapp-bot\logs\ABOSS_BATCH2_PROGRESS_2026-07-06.md","376",".md","7/6/2026 3:02:58 PM"
"C:\Users\IA_Journal_Hub\whatsapp-bot\logs\ABOSS_CALL_WHATSAPP_MESSAGES_READY_2026-07-06.csv","5331",".csv","7/6/2026 3:56:25 PM"
"C:\Users\IA_Journal_Hub\whatsapp-bot\logs\ABOSS_CALL_WHATSAPP_MESSAGE_PACK_2026-07-06.md","6869",".md","7/6/2026 3:56:05 PM"
"C:\Users\IA_Journal_Hub\whatsapp-bot\logs\ABOSS_CALL_WHATSAPP_PRIORITY.csv","1981",".csv","7/6/2026 3:19:46 PM"
"C:\Users\IA_Journal_Hub\whatsapp-bot\logs\ABOSS_CONVERSION_PIPELINE_MASTER.csv","8966",".csv","7/6/2026 3:19:46 PM"
"C:\Users\IA_Journal_Hub\whatsapp-bot\logs\ABOSS_DECISION_MAKER_RESEARCH.csv","11317",".csv","7/6/2026 3:19:46 PM"
"C:\Users\IA_Journal_Hub\whatsapp-bot\logs\ABOSS_HIDDEN_CHAMPIONS_REPORT_2026-07-06.json","299",".json","7/6/2026 2:04:44 PM"
"C:\Users\IA_Journal_Hub\whatsapp-bot\logs\aboss_outreach_log_2026-07-06.csv","1736",".csv","7/6/2026 1:45:47 PM"
"C:\Users\IA_Journal_Hub\whatsapp-bot\logs\ABOSS_PIPELINE_REVIEW_2026-07-06.md","640",".md","7/6/2026 3:19:46 PM"
"C:\Users\IA_Journal_Hub\whatsapp-bot\logs\ABOSS_REVENUE_STRIKE_3H_2026-07-06.md","1605",".md","7/6/2026 1:53:05 PM"
"C:\Users\IA_Journal_Hub\whatsapp-bot\logs\ABOSS_SOCIAL_CAPTURE_REVIEW_2026-07-06.md","596",".md","7/6/2026 3:51:57 PM"
"C:\Users\IA_Journal_Hub\whatsapp-bot\logs\ABOSS_SOCIAL_INTENT_DAILY_PLAN.csv","5141",".csv","7/6/2026 3:43:33 PM"
"C:\Users\IA_Journal_Hub\whatsapp-bot\logs\ABOSS_SOCIAL_INTENT_LEADS.csv","0",".csv","7/6/2026 3:51:57 PM"
"C:\Users\IA_Journal_Hub\whatsapp-bot\logs\ABOSS_SOCIAL_INTENT_PLAYBOOK_2026-07-06.md","730",".md","7/6/2026 3:43:33 PM"
"C:\Users\IA_Journal_Hub\whatsapp-bot\logs\ABOSS_SOCIAL_LISTENING_QUERIES.csv","72227",".csv","7/6/2026 3:43:33 PM"
"C:\Users\IA_Journal_Hub\whatsapp-bot\logs\ABOSS_SOCIAL_LISTENING_RUNBOOK_2026-07-06.md","1921",".md","7/6/2026 3:56:59 PM"
"C:\Users\IA_Journal_Hub\whatsapp-bot\logs\ABOSS_SOCIAL_OUTREACH_READY.csv","0",".csv","7/6/2026 3:51:57 PM"
"C:\Users\IA_Journal_Hub\whatsapp-bot\logs\ABOSS_SOCIAL_WHATSAPP_PRIORITY.csv","0",".csv","7/6/2026 3:51:57 PM"
"C:\Users\IA_Journal_Hub\whatsapp-bot\logs\ABOSS_STATUS_REPORT_2026-07-06.md","1397",".md","7/6/2026 1:45:47 PM"
"C:\Users\IA_Journal_Hub\whatsapp-bot\logs\bot.log","85041",".log","4/22/2026 11:24:46 AM"
"C:\Users\IA_Journal_Hub\whatsapp-bot\logs\health.json","138",".json","4/22/2026 11:24:45 AM"
"C:\Users\IA_Journal_Hub\whatsapp-bot\logs\live_progress.jsonl","36447",".jsonl","4/19/2026 8:09:21 PM"
"C:\Users\IA_Journal_Hub\whatsapp-bot\migrations\2025-02-06_add_bot_tenants_schema.sql","11264",".sql","2/6/2026 1:39:38 AM"
"C:\Users\IA_Journal_Hub\whatsapp-bot\migrations\2025-02-06_add_bot_tenants_schema_CLEAN.sql","5537",".sql","2/18/2026 4:40:48 AM"
"C:\Users\IA_Journal_Hub\whatsapp-bot\migrations\2025-02-06_setup_kassangas_tenant.sql","13777",".sql","2/6/2026 12:34:28 AM"
"C:\Users\IA_Journal_Hub\whatsapp-bot\migrations\2025-11-12_add_alphadome_tables.sql","6377",".sql","11/12/2025 12:37:27 AM"
"C:\Users\IA_Journal_Hub\whatsapp-bot\migrations\2025-11-12_alphadome_full_schema_for_staging.sql","6496",".sql","11/12/2025 1:00:08 AM"
"C:\Users\IA_Journal_Hub\whatsapp-bot\migrations\2025-11-12_remove_alphadome_objects.sql","794",".sql","11/12/2025 12:45:56 AM"
"C:\Users\IA_Journal_Hub\whatsapp-bot\migrations\2026-02-05_kassangas_config.json","805",".json","4/14/2026 9:28:28 PM"
"C:\Users\IA_Journal_Hub\whatsapp-bot\migrations\2026-02-05_setup_kassangas_tenant.sql","6871",".sql","4/14/2026 9:28:28 PM"
"C:\Users\IA_Journal_Hub\whatsapp-bot\migrations\2026-02-06_create_product_variants_table.sql","903",".sql","2/6/2026 2:41:08 AM"
"C:\Users\IA_Journal_Hub\whatsapp-bot\migrations\2026-02-06_insert_kassangas_test_tenant_and_products.sql","5323",".sql","2/7/2026 3:52:38 PM"
"C:\Users\IA_Journal_Hub\whatsapp-bot\migrations\2026-02-07_create_product_portfolio_tables.sql","2272",".sql","2/7/2026 1:32:34 PM"
"C:\Users\IA_Journal_Hub\whatsapp-bot\migrations\2026-02-07_get_catalog_rpc.sql","1533",".sql","2/7/2026 7:09:53 PM"
"C:\Users\IA_Journal_Hub\whatsapp-bot\migrations\2026-02-07_seed_portfolio_rpc.sql","6585",".sql","2/7/2026 4:23:48 PM"
"C:\Users\IA_Journal_Hub\whatsapp-bot\migrations\2026-02-08_get_conversation_context_rpc.sql","864",".sql","2/8/2026 10:43:37 AM"
"C:\Users\IA_Journal_Hub\whatsapp-bot\migrations\2026-02-08_get_templates_by_tenant_rpc.sql","552",".sql","2/8/2026 12:10:19 PM"
"C:\Users\IA_Journal_Hub\whatsapp-bot\migrations\2026-02-08_get_tenant_by_wa_rpc.sql","1753",".sql","2/8/2026 8:35:10 AM"
"C:\Users\IA_Journal_Hub\whatsapp-bot\migrations\2026-02-08_get_training_by_tenant_rpc.sql","582",".sql","2/8/2026 12:20:52 PM"
"C:\Users\IA_Journal_Hub\whatsapp-bot\migrations\2026-02-08_update_kassangas_whatsapp_ids.sql","686",".sql","2/8/2026 11:27:08 AM"
"C:\Users\IA_Journal_Hub\whatsapp-bot\migrations\2026-02-10_add_llm_usage_columns_to_conversations.sql","347",".sql","2/11/2026 8:14:15 AM"
"C:\Users\IA_Journal_Hub\whatsapp-bot\migrations\2026-02-13_create_bot_tenants_table.sql","1006",".sql","2/13/2026 1:25:41 PM"
"C:\Users\IA_Journal_Hub\whatsapp-bot\migrations\2026-02-13_create_tenant_rpcs.sql","2190",".sql","2/13/2026 1:25:41 PM"
"C:\Users\IA_Journal_Hub\whatsapp-bot\migrations\2026-02-13_create_whatsapp_phone_tenant_mapping.sql","939",".sql","2/13/2026 1:25:41 PM"
"C:\Users\IA_Journal_Hub\whatsapp-bot\migrations\2026-03-02_train_kassangas_product_knowledge.sql","19078",".sql","4/14/2026 9:28:28 PM"
"C:\Users\IA_Journal_Hub\whatsapp-bot\migrations\2026-03-06_create_bot_orders_table.sql","989",".sql","3/6/2026 7:31:50 AM"
"C:\Users\IA_Journal_Hub\whatsapp-bot\migrations\2026-04-16_enhance_get_catalog_rpc_media_links.sql","1907",".sql","4/16/2026 6:03:28 PM"
"C:\Users\IA_Journal_Hub\whatsapp-bot\migrations\2026-04-20_writers_flow_tables.sql","3707",".sql","4/20/2026 6:17:29 PM"
"C:\Users\IA_Journal_Hub\whatsapp-bot\migrations\2026-04-26_add_whatsapp_columns_to_bot_tenants.sql","208",".sql","4/26/2026 9:00:04 PM"
"C:\Users\IA_Journal_Hub\whatsapp-bot\migrations\2026-05-03_create_writers_flow_tables.sql","1820",".sql","5/5/2026 1:24:26 PM"
"C:\Users\IA_Journal_Hub\whatsapp-bot\migrations\2026-07-01_create_abos_integration_tables.sql","5359",".sql","7/1/2026 1:00:41 PM"
"C:\Users\IA_Journal_Hub\whatsapp-bot\migrations_backup\2026-02-13_create_bot_tenants_table.sql","1163",".sql","2/13/2026 11:00:44 AM"
"C:\Users\IA_Journal_Hub\whatsapp-bot\migrations_backup\2026-02-13_create_tenant_rpcs.sql","2190",".sql","2/13/2026 7:34:10 AM"
"C:\Users\IA_Journal_Hub\whatsapp-bot\migrations_backup\2026-02-13_create_whatsapp_phone_tenant_mapping.sql","1102",".sql","2/13/2026 11:00:44 AM"
"C:\Users\IA_Journal_Hub\whatsapp-bot\minihack\IMPLEMENTATION_SUMMARY.md","10933",".md","6/19/2026 10:30:42 PM"
"C:\Users\IA_Journal_Hub\whatsapp-bot\minihack\INTEGRATION_GUIDE.md","10486",".md","6/19/2026 10:28:57 PM"
"C:\Users\IA_Journal_Hub\whatsapp-bot\minihack\minihack-router.js","7149",".js","6/19/2026 10:29:43 PM"
"C:\Users\IA_Journal_Hub\whatsapp-bot\minihack\README.md","11195",".md","6/19/2026 10:29:43 PM"
"C:\Users\IA_Journal_Hub\whatsapp-bot\minihack\bounty2-trendjack\classifier.js","6754",".js","6/19/2026 10:27:09 PM"
"C:\Users\IA_Journal_Hub\whatsapp-bot\minihack\bounty2-trendjack\config.js","3739",".js","6/19/2026 10:27:07 PM"
"C:\Users\IA_Journal_Hub\whatsapp-bot\minihack\bounty2-trendjack\contentBriefGenerator.js","9119",".js","6/19/2026 10:27:48 PM"
"C:\Users\IA_Journal_Hub\whatsapp-bot\minihack\bounty2-trendjack\index.js","329",".js","6/19/2026 10:28:07 PM"
"C:\Users\IA_Journal_Hub\whatsapp-bot\minihack\bounty2-trendjack\llmService.js","6512",".js","6/19/2026 10:27:48 PM"
"C:\Users\IA_Journal_Hub\whatsapp-bot\minihack\bounty2-trendjack\orchestrator.js","7003",".js","6/19/2026 10:28:07 PM"
"C:\Users\IA_Journal_Hub\whatsapp-bot\minihack\bounty2-trendjack\package.json","612",".json","6/19/2026 10:27:07 PM"
"C:\Users\IA_Journal_Hub\whatsapp-bot\minihack\bounty2-trendjack\README.md","8936",".md","6/19/2026 10:28:57 PM"
"C:\Users\IA_Journal_Hub\whatsapp-bot\minihack\bounty2-trendjack\sources.js","12031",".js","6/19/2026 10:27:08 PM"
"C:\Users\IA_Journal_Hub\whatsapp-bot\public\agent-demo-modal.html","21060",".html","2/25/2026 9:09:08 AM"
"C:\Users\IA_Journal_Hub\whatsapp-bot\public\brand-logo-new.png","1432685",".png","2/18/2026 6:16:05 AM"
"C:\Users\IA_Journal_Hub\whatsapp-bot\public\client-discovery-form.html","20210",".html","7/15/2026 12:24:53 AM"
"C:\Users\IA_Journal_Hub\whatsapp-bot\public\CLIENT_ONBOARDING_EMAIL_SEQUENCE.md","11468",".md","7/14/2026 9:59:52 PM"
"C:\Users\IA_Journal_Hub\whatsapp-bot\public\gsap-animations.js","230",".js","2/18/2026 6:45:05 AM"
"C:\Users\IA_Journal_Hub\whatsapp-bot\public\homepage-updated.html","17836",".html","7/15/2026 12:25:22 AM"
"C:\Users\IA_Journal_Hub\whatsapp-bot\public\index.html","33728",".html","7/14/2026 10:15:22 AM"
"C:\Users\IA_Journal_Hub\whatsapp-bot\public\input.css","62",".css","5/1/2026 1:07:19 PM"
"C:\Users\IA_Journal_Hub\whatsapp-bot\public\kassangas-client-wallet.html","43330",".html","7/14/2026 6:41:34 PM"
"C:\Users\IA_Journal_Hub\whatsapp-bot\public\kassangas-merchant-portal.html","29301",".html","7/14/2026 6:41:25 PM"
"C:\Users\IA_Journal_Hub\whatsapp-bot\public\kassangas-music-shop.html","12221",".html","7/9/2026 3:35:08 PM"
"C:\Users\IA_Journal_Hub\whatsapp-bot\public\logo-bg.mp4","9132431",".mp4","2/19/2026 2:10:08 PM"
"C:\Users\IA_Journal_Hub\whatsapp-bot\public\onboarding.css","5841",".css","4/22/2026 1:29:41 PM"
"C:\Users\IA_Journal_Hub\whatsapp-bot\public\portfolio-viewer.html","9845",".html","4/20/2026 3:47:47 PM"
"C:\Users\IA_Journal_Hub\whatsapp-bot\public\portfolio.html","26566",".html","3/10/2026 4:13:30 AM"
"C:\Users\IA_Journal_Hub\whatsapp-bot\public\privacy-policy.html","2698",".html","4/28/2026 1:26:21 PM"
"C:\Users\IA_Journal_Hub\whatsapp-bot\public\README_WEBSITE_UPGRADE.md","14632",".md","7/14/2026 10:01:43 PM"
"C:\Users\IA_Journal_Hub\whatsapp-bot\public\styles.css","62",".css","2/18/2026 6:45:05 AM"
"C:\Users\IA_Journal_Hub\whatsapp-bot\public\tenant_onboarding.html","8434",".html","4/22/2026 1:29:40 PM"
"C:\Users\IA_Journal_Hub\whatsapp-bot\public\untitled-design.gif","41810481",".gif","2/18/2026 4:39:10 PM"
"C:\Users\IA_Journal_Hub\whatsapp-bot\public\WEBSITE_COPY_LIBRARY.md","15020",".md","7/14/2026 9:59:51 PM"
"C:\Users\IA_Journal_Hub\whatsapp-bot\public\WEBSITE_POSITIONING_GUIDE.md","14508",".md","7/14/2026 9:56:08 PM"
"C:\Users\IA_Journal_Hub\whatsapp-bot\public\WEBSITE_UPGRADE_ROADMAP.md","11215",".md","7/14/2026 10:00:42 PM"
"C:\Users\IA_Journal_Hub\whatsapp-bot\public\images\whatsapp-3d.png","340588",".png","2/12/2026 8:59:32 AM"
"C:\Users\IA_Journal_Hub\whatsapp-bot\public\media\tmp8vk_rsaa.mp4","0",".mp4","4/30/2026 5:44:03 PM"
"C:\Users\IA_Journal_Hub\whatsapp-bot\routes\mpesa.js","424",".js","10/30/2025 7:04:20 PM"
"C:\Users\IA_Journal_Hub\whatsapp-bot\scripts\aboss_build_pipeline_logs.cjs","12869",".cjs","7/6/2026 3:19:33 PM"
"C:\Users\IA_Journal_Hub\whatsapp-bot\scripts\aboss_build_social_intent_hunt.cjs","6354",".cjs","7/6/2026 3:31:58 PM"
"C:\Users\IA_Journal_Hub\whatsapp-bot\scripts\aboss_build_targets.cjs","5303",".cjs","7/3/2026 9:41:12 AM"
"C:\Users\IA_Journal_Hub\whatsapp-bot\scripts\aboss_deep_research_mixed.cjs","11354",".cjs","7/6/2026 1:00:29 PM"
"C:\Users\IA_Journal_Hub\whatsapp-bot\scripts\aboss_enrich_top20.cjs","5648",".cjs","7/3/2026 9:54:23 AM"
"C:\Users\IA_Journal_Hub\whatsapp-bot\scripts\aboss_enrich_verify_first.cjs","5402",".cjs","7/6/2026 1:09:33 PM"
"C:\Users\IA_Journal_Hub\whatsapp-bot\scripts\aboss_extract_workbook.cjs","1060",".cjs","7/3/2026 11:29:20 AM"
"C:\Users\IA_Journal_Hub\whatsapp-bot\scripts\aboss_fast_pipeline.cjs","5900",".cjs","7/6/2026 11:44:18 AM"
"C:\Users\IA_Journal_Hub\whatsapp-bot\scripts\aboss_finalize_mixed_queue.cjs","3208",".cjs","7/6/2026 1:04:07 PM"
"C:\Users\IA_Journal_Hub\whatsapp-bot\scripts\aboss_generate_batch2_messages.cjs","5624",".cjs","7/6/2026 2:09:05 PM"
"C:\Users\IA_Journal_Hub\whatsapp-bot\scripts\aboss_make_send_queue.cjs","1744",".cjs","7/6/2026 11:46:39 AM"
"C:\Users\IA_Journal_Hub\whatsapp-bot\scripts\aboss_make_top10.cjs","2829",".cjs","7/6/2026 11:53:19 AM"
"C:\Users\IA_Journal_Hub\whatsapp-bot\scripts\aboss_make_workbook.cjs","2272",".cjs","7/3/2026 11:29:19 AM"
"C:\Users\IA_Journal_Hub\whatsapp-bot\scripts\aboss_prepare_next_day.cjs","8954",".cjs","7/6/2026 1:52:50 PM"
"C:\Users\IA_Journal_Hub\whatsapp-bot\scripts\aboss_record_batch2_progress.cjs","4114",".cjs","7/6/2026 2:57:55 PM"
"C:\Users\IA_Journal_Hub\whatsapp-bot\scripts\aboss_recover_failed.cjs","4976",".cjs","7/6/2026 12:55:43 PM"
"C:\Users\IA_Journal_Hub\whatsapp-bot\scripts\aboss_research_hidden_champions.cjs","10599",".cjs","7/6/2026 2:02:08 PM"
"C:\Users\IA_Journal_Hub\whatsapp-bot\scripts\aboss_run_social_listening.cjs","10659",".cjs","7/6/2026 3:49:50 PM"
"C:\Users\IA_Journal_Hub\whatsapp-bot\scripts\aboss_seed_targets.cjs","5539",".cjs","7/3/2026 9:45:42 AM"
"C:\Users\IA_Journal_Hub\whatsapp-bot\scripts\aboss_snapshot_status.cjs","4828",".cjs","7/6/2026 1:45:06 PM"
"C:\Users\IA_Journal_Hub\whatsapp-bot\scripts\aboss_validate_production.cjs","1739",".cjs","7/3/2026 9:35:12 AM"
"C:\Users\IA_Journal_Hub\whatsapp-bot\scripts\admin_suite_smoke.cjs","5154",".cjs","4/21/2026 3:46:44 PM"
"C:\Users\IA_Journal_Hub\whatsapp-bot\scripts\register_alphadome_tenant.sql","833",".sql","4/30/2026 7:31:17 AM"
"C:\Users\IA_Journal_Hub\whatsapp-bot\scripts\render_env_sync.ps1","5448",".ps1","4/20/2026 6:17:29 PM"
"C:\Users\IA_Journal_Hub\whatsapp-bot\scripts\update_kassangas_access_token.sql","541",".sql","4/27/2026 3:29:53 PM"
"C:\Users\IA_Journal_Hub\whatsapp-bot\scripts\update_kassangas_tenant.sql","652",".sql","4/27/2026 2:08:00 PM"
"C:\Users\IA_Journal_Hub\whatsapp-bot\scripts\update_kassangas_tenant_use_alt_waba.sql","284",".sql","4/27/2026 2:13:16 PM"
"C:\Users\IA_Journal_Hub\whatsapp-bot\scripts\abos\abos_sheet_mapping.json","4522",".json","7/1/2026 1:00:28 PM"
"C:\Users\IA_Journal_Hub\whatsapp-bot\scripts\abos\import_abos_to_supabase.cjs","15579",".cjs","7/1/2026 1:48:15 PM"
"C:\Users\IA_Journal_Hub\whatsapp-bot\scripts\abos\validate_abos_workbook.cjs","5164",".cjs","7/1/2026 1:23:45 PM"
"C:\Users\IA_Journal_Hub\whatsapp-bot\supabase\config.toml","13520",".toml","10/24/2025 9:07:56 AM"
"C:\Users\IA_Journal_Hub\whatsapp-bot\supabase\.temp\cli-latest","7","","10/24/2025 8:40:50 AM"
"C:\Users\IA_Journal_Hub\whatsapp-bot\supabase\.temp\gotrue-version","8","","10/24/2025 9:06:24 AM"
"C:\Users\IA_Journal_Hub\whatsapp-bot\supabase\.temp\pooler-url","93","","10/24/2025 9:06:24 AM"
"C:\Users\IA_Journal_Hub\whatsapp-bot\supabase\.temp\postgres-version","10","","10/24/2025 9:06:21 AM"
"C:\Users\IA_Journal_Hub\whatsapp-bot\supabase\.temp\project-ref","20","","10/24/2025 9:06:31 AM"
"C:\Users\IA_Journal_Hub\whatsapp-bot\supabase\.temp\rest-version","7","","10/24/2025 9:06:25 AM"
"C:\Users\IA_Journal_Hub\whatsapp-bot\supabase\.temp\storage-migration","16","","10/24/2025 9:06:30 AM"
"C:\Users\IA_Journal_Hub\whatsapp-bot\supabase\.temp\storage-version","7","","10/24/2025 9:06:25 AM"
"C:\Users\IA_Journal_Hub\whatsapp-bot\supabase\functions\whatsapp-webhook\.npmrc","221",".npmrc","10/24/2025 9:07:56 AM"
"C:\Users\IA_Journal_Hub\whatsapp-bot\supabase\functions\whatsapp-webhook\deno.json","20",".json","10/24/2025 9:07:56 AM"
"C:\Users\IA_Journal_Hub\whatsapp-bot\supabase\functions\whatsapp-webhook\index.ts","2277",".ts","10/25/2025 9:04:21 AM"
"C:\Users\IA_Journal_Hub\whatsapp-bot\utils\diagnostics.js","1269",".js","10/16/2025 7:01:07 PM"
"C:\Users\IA_Journal_Hub\whatsapp-bot\utils\healthMonitor.js","1628",".js","10/17/2025 8:01:57 AM"
"C:\Users\IA_Journal_Hub\whatsapp-bot\utils\logger.js","2142",".js","2/9/2026 3:05:55 PM"
"C:\Users\IA_Journal_Hub\whatsapp-bot\utils\messenger.js","6665",".js","2/9/2026 3:05:53 PM"
"C:\Users\IA_Journal_Hub\whatsapp-bot\utils\tenantSmtpConfig.js","1241",".js","2/18/2026 4:40:48 AM"
"C:\Users\IA_Journal_Hub\whatsapp-bot\writers_flow\api.js","474",".js","2/17/2026 3:27:59 PM"
"C:\Users\IA_Journal_Hub\whatsapp-bot\writers_flow\emailSender.js","1708",".js","4/20/2026 6:17:29 PM"
"C:\Users\IA_Journal_Hub\whatsapp-bot\writers_flow\hfLLM.js","3929",".js","5/20/2026 12:06:41 AM"
"C:\Users\IA_Journal_Hub\whatsapp-bot\writers_flow\index.js","278",".js","5/15/2026 12:04:15 PM"
"C:\Users\IA_Journal_Hub\whatsapp-bot\writers_flow\intentHandler.js","690",".js","5/15/2026 12:00:32 PM"
"C:\Users\IA_Journal_Hub\whatsapp-bot\writers_flow\llmService.js","2564",".js","5/15/2026 11:59:35 AM"
"C:\Users\IA_Journal_Hub\whatsapp-bot\writers_flow\orchestrator.js","11539",".js","5/15/2026 12:02:52 PM"
"C:\Users\IA_Journal_Hub\whatsapp-bot\writers_flow\qualifier.js","12522",".js","5/13/2026 3:29:03 PM"
"C:\Users\IA_Journal_Hub\whatsapp-bot\writers_flow\queryGenerator.js","2890",".js","5/14/2026 9:32:17 AM"
"C:\Users\IA_Journal_Hub\whatsapp-bot\writers_flow\scheduler.js","1574",".js","5/5/2026 1:24:26 PM"
"C:\Users\IA_Journal_Hub\whatsapp-bot\writers_flow\scraper.js","24160",".js","5/14/2026 9:34:49 AM"
"C:\Users\IA_Journal_Hub\whatsapp-bot\writers_flow\test_email.js","1931",".js","5/13/2026 3:29:03 PM"
